Workbook

Sheet 📊 ダッシュボード
B2: 基本情報技術者試験 (FE) 学習進捗管理ダッシュボード
B3: FE Exam Master Study Dashboard & Executive Readiness Engine (Syllabus Ver. 9.1)
B5: 総学習時間 (Giờ đã học) | D5: 目標総時間 (Mục tiêu) | F5: 計画達成率 (Tiến độ) | H5: 週末補修時間 (Cần bù)
B6: ='📅 日別計画・実績'!F5 | D6: 135 | F6: =B6/D6 | H6: ='📅 日別計画・実績'!H5
B9: 📚 対象書籍 3冊の学習進捗サマリー (Tiến độ 3 Cuốn Sách)
B10: 書籍名 (Tên sách) | C10: 対応科目 (Môn) | D10: 総章数/セット (Tổng chương) | E10: 完了数 (Đã xong) | F10: 進捗率 (Tiến độ) | G10: スキャン状況 (Scan PDF) | H10: 学習ステータス (Trạng thái)
B11: かやのき先生の基本情報技術者教室 (Syllabus 9.1) | C11: 科目A & B (Lý thuyết toàn diện) | D11: 12 | E11: ='📚 3冊の学習進捗'!F18 | F11: =E11/D11 | G11: ='📚 3冊の学習進捗'!E18 | H11: 進行中 (Đang học)
B12: 福嶋先生の集中ゼミ 科目B・アルゴリズム編 | C12: 科目B (Thuật toán & Ngôn ngữ giả) | D12: 10 | E12: ='📚 3冊の学習進捗'!F31 | F12: =E12/D12 | G12: ='📚 3冊の学習進捗'!E31 | H12: 進行中 (Đang học)
B13: パーフェクトラーニング過去問題集 (R08) | C13: 科目A & B (4 bộ đề + 25 PDF) | D13: 4 | E13: ='📚 3冊の学習進捗'!F39 | F13: =E13/D13 | G13: ='📚 3冊の学習進捗'!E39 | H13: 未着手 (Chưa làm)
B15: 🎌 日本の祝日 & キックスタート休暇カレンダー (Lịch Nghỉ Lễ & Kickstart)
B16: 期間 / 日付 (Ngày) | C16: 祝日名・休暇名 (Tên ngày lễ) | D16: 日数 (Số ngày) | E16: 学習計画 (Giờ/ngày) | F16: 戦略メモ (Chiến lược học tập)
B17: 2026/09/21 - 09/27 | C17: ★ 特別全休キックスタート週 (Nghỉ trọn tuần) | D17: 7日間 | E17: 2.5 - 3.0h | F17: Tạo trớn ban đầu: 60% lý thuyết かやのき + 40% thuật toán 福嶋 (Ramping Cadence chống kiệt sức)
B18: 2026/10/12 (月) | C18: スポーツの日 (Sports Day) | D18: 1日 | E18: 2.5h | F18: Luyện bài tập cấu trúc dữ liệu & thuật toán tìm kiếm
B19: 2026/11/03 (火) | C19: 文化の日 (Culture Day) | D19: 1日 | E19: 2.5h | F19: Ôn tập chuyên đề Cơ sở dữ liệu & Mạng máy tính
B20: 2026/11/23 (月) | C20: 勤労感謝の日 (Labor Thanksgiving) | D20: 1日 | E20: 2.5h | F20: Chuyên đề An toàn thông tin & Giải đề thi thử số 1
B21: 2026/12/28 - 2027/01/03 | C21: 年末年始休暇 (Nghỉ Tết Dương Lịch) | D21: 7日間 | E21: 3.0 - 4.0h | F21: TỔNG ÔN BỨT TỐC: Giải đề thi quá khứ R05, R06, R07 + Phân tích câu sai
B22: 2027/01/11 (月) | C22: 成人の日 (Coming of Age Day) | D22: 1日 | E22: 3.0h | F22: Tổng duyệt đề thi thử R08 trước thềm đăng ký thi chính thức

Sheet 📅 日別計画・実績
B2: 日別学習計画・実績ログ (Daily Study Schedule & Actual Log)
B3: Bắt đầu: 2026/09/21 | Tự động tính giờ bù cuối tuần (Weekend Catch-up Buffer) & Phân bổ môn xen kẽ
D5: 合計 (Tổng cộng): | E5: =SUM(E8:E120) | F5: =SUM(F8:F120) | H5: =SUM(H8:H120)
B7: Day | C7: 日付 (Ngày) | D7: 曜日 (Thứ) | E7: 計画時間 (h) | F7: 実績時間 (h) | G7: 差異 (h) | H7: 週末補修 (h) | I7: 区分 (Loại ngày) | J7: 対象科目 (Môn) | K7: 学習内容 / 書籍章 (Chương / Bài học) | L7: 集中度 (1-5★) | M7: Scan確認 | N7: 状態 (Status) | O7: 学習メモ / 気づき (Ghi chú bài học)
B8: Day 001 | C8: 2026/09/21 | D8: 月 (T2) | E8: 2.5 | F8: 0 | G8: =F8-E8 | H8: =IF(G8<0, -G8, 0) | I8: ★ 全休キックスタート | J8: 科目A (かやのき) | K8: かやのき 第1章: Lý thuyết trọng tâm | M8: 未 | N8: 未着手
B9: Day 002 | C9: 2026/09/22 | D9: 火 (T3) | E9: 2.5 | F9: 0 | G9: =F9-E9 | H9: =IF(G9<0, -G9, 0) | I9: ★ 全休キックスタート | J9: 科目B (福嶋) | K9: 福嶋 アルゴリズム 第1章: Ngôn ngữ giả & Trace | M9: 未 | N9: 未着手
B10: Day 003 | C10: 2026/09/23 | D10: 水 (T4) | E10: 2.5 | F10: 0 | G10: =F10-E10 | H10: =IF(G10<0, -G10, 0) | I10: ★ 全休キックスタート | J10: 科目A (かやのき) | K10: かやのき 第1章: Lý thuyết trọng tâm | M10: 未 | N10: 未着手
B11: Day 004 | C11: 2026/09/24 | D11: 木 (T5) | E11: 2.5 | F11: 0 | G11: =F11-E11 | H11: =IF(G11<0, -G11, 0) | I11: ★ 全休キックスタート | J11: 科目B (福嶋) | K11: 福嶋 アルゴリズム 第1章: Ngôn ngữ giả & Trace | M11: 未 | N11: 未着手
B12: Day 005 | C12: 2026/09/25 | D12: 金 (T6) | E12: 2.5 | F12: 0 | G12: =F12-E12 | H12: =IF(G12<0, -G12, 0) | I12: ★ 全休キックスタート | J12: 科目A (かやのき) | K12: かやのき 第1章: Lý thuyết trọng tâm | M12: 未 | N12: 未着手
B13: Day 006 | C13: 2026/09/26 | D13: 土 (T7) | E13: 2.5 | F13: 0 | G13: =F13-E13 | H13: =IF(G13<0, -G13, 0) | I13: ★ 全休キックスタート | J13: 科目B (福嶋) | K13: 福嶋 アルゴリズム 第1章: Ngôn ngữ giả & Trace | M13: 未 | N13: 未着手
B14: Day 007 | C14: 2026/09/27 | D14: 日 (CN) | E14: 2.5 | F14: 0 | G14: =F14-E14 | H14: =IF(G14<0, -G14, 0) | I14: ★ 全休キックスタート | J14: 過去問・復習 | K14: Tổng ôn tập tuần & Luyện đề quá khứ R08 | M14: 未 | N14: 未着手
B15: Day 008 | C15: 2026/09/28 | D15: 月 (T2) | E15: 1 | F15: 0 | G15: =F15-E15 | H15: =IF(G15<0, -G15, 0) | I15: 平日 (Ngày thường) | J15: 科目A (かやのき) | K15: かやのき 第2章: Lý thuyết trọng tâm | M15: 未 | N15: 未着手
B16: Day 009 | C16: 2026/09/29 | D16: 火 (T3) | E16: 1 | F16: 0 | G16: =F16-E16 | H16: =IF(G16<0, -G16, 0) | I16: 平日 (Ngày thường) | J16: 科目B (福嶋) | K16: 福嶋 アルゴリズム 第2章: Ngôn ngữ giả & Trace | M16: 未 | N16: 未着手
B17: Day 010 | C17: 2026/09/30 | D17: 水 (T4) | E17: 1 | F17: 0 | G17: =F17-E17 | H17: =IF(G17<0, -G17, 0) | I17: 平日 (Ngày thường) | J17: 科目A (かやのき) | K17: かやのき 第2章: Lý thuyết trọng tâm | M17: 未 | N17: 未着手
B18: Day 011 | C18: 2026/10/01 | D18: 木 (T5) | E18: 1 | F18: 0 | G18: =F18-E18 | H18: =IF(G18<0, -G18, 0) | I18: 平日 (Ngày thường) | J18: 科目B (福嶋) | K18: 福嶋 アルゴリズム 第2章: Ngôn ngữ giả & Trace | M18: 未 | N18: 未着手
B19: Day 012 | C19: 2026/10/02 | D19: 金 (T6) | E19: 1 | F19: 0 | G19: =F19-E19 | H19: =IF(G19<0, -G19, 0) | I19: 平日 (Ngày thường) | J19: 科目A (かやのき) | K19: かやのき 第2章: Lý thuyết trọng tâm | M19: 未 | N19: 未着手
... B107: Day 100 | C107: 2026/12/29 | D107: 火 (T3) | E107: 3.5 | F107: 0 | G107: =F107-E107 | H107: =IF(G107<0, -G107, 0) | I107: 🎌 年末年始休暇 | J107: 科目B (福嶋) | K107: 福嶋 アルゴリズム 第5章: Ngôn ngữ giả & Trace | M107: 未 | N107: 未着手

Sheet 📚 3冊の学習進捗
B2: 3冊の教材・分野別進捗管理 (3 Books Detailed Syllabus & Scan Tracker)
B3: Theo dõi mục lục chi tiết, trạng thái scan PDF và số sao hiểu bài của 3 cuốn sách
B5: 章番号 / ID | C5: 章の名称 (Tên chương / Mục kiến thức) | D5: 分野 / シラバス区分 (Phân loại Syllabus 9.1) | E5: スキャン状況 (Scan PDF) | F5: 完了状態 (Hoàn thành) | G5: 理解度 (1-5★) | H5: 完了日 (Ngày xong) | I5: 重要ポイント / メモ (Ghi chú cốt lõi)
B6: 【書棚1】令和08年 かやのき先生の基本情報技術者教室 (Syllabus 9.1)
B7: Ch 01 | C7: 基礎理論 (離散数学・応用数学・情報理論) | D7: テクノロジ系 - 基礎理論 | E7: 未スキャン | F7: 未着手 | I7: Toán nhị phân, số bù 2, logic, tập hợp
B8: Ch 02 | C8: アルゴリズムとデータ構造の基礎 | D8: テクノロジ系 - 基礎理論 | E8: 未スキャン | F8: 未着手 | I8: Mảng, danh sách, cây, sắp xếp, tìm kiếm cơ bản
B9: Ch 03 | C9: ハードウェアとコンピュータ構成要素 | D9: テクノロジ系 - コンピュータ | E9: 未スキャン | F9: 未着手 | I9: CPU, RAM, ROM, Bus, thiết bị ngoại vi
B10: Ch 04 | C10: システム構成要素と稼働率 (MTBF/MTTR) | D10: テクノロジ系 - システム構成 | E10: 未スキャン | F10: 未着手 | I10: Độ khả dụng hệ thống, Dual/Duplex, RAID
B11: Ch 05 | C11: ソフトウェアとオペレーティングシステム (OS) | D11: テクノロジ系 - OS・ソフト | E11: 未スキャン | F11: 未着手 | I11: Tiến trình, quản lý bộ nhớ ảo, phân trang, ngắt
B12: Ch 06 | C12: データベースとSQL (正規化・トランザクション) | D12: テクノロジ系 - データベース | E12: 未スキャン | F12: 未着手 | I12: RDBMS, khóa chính/ngoại, 1NF-3NF, ACID, Commit/Rollback
B13: Ch 07 | C13: ネットワーク技術 (TCP/IP・ルーティング・DNS) | D13: テクノロジ系 - ネットワーク | E13: 未スキャン | F13: 未着手 | I13: Mô hình OSI, TCP/UDP, IP, Subnet mask, Port
B14: Ch 08 | C14: 情報セキュリティ (暗号・署名・攻撃手法・FW) | D14: テクノロジ系 - セキュリティ | E14: 未スキャン | F14: 未着手 | I14: Trọng tâm môn A&B: Mã hóa khóa công khai, SHA, WAF, XSS, SQLi
B15: Ch 09 | C15: システム開発技術 (設計・テスト・アジャイル) | D15: テクノロジ系 - 開発技術 | E15: 未スキャン | F15: 未着手 | I15: Quy trình Waterfall, Agile, White-box / Black-box test
B16: Ch 10 | C16: プロジェクトマネジメント (WBS・EVM・日程計算) | D16: マネジメント系 - プロジェクト | E16: 未スキャン | F16: 未着手 | I16: Mỏ điểm dễ ăn: Arrow diagram, Critical Path, Float
B17: Ch 11 | C17: サービスマネジメントとシステム監査 (ITIL・SLA) | D17: マネジメント系 - サービス | E17: 未スキャン | F17: 未着手 | I17: SLA, Quản lý sự cố, Quản lý thay đổi, Kiểm toán hệ thống
B18: Ch 12 | C18: 経営戦略・システム戦略・企業と法務 | D18: ストラテジ系 - 経営・法務 | E18: 未 | F18: =COUNTIF(F7:F18, "完了") | I18: SWOT, PPM, Bản quyền, Luật bảo vệ thông tin cá nhân
B19: 【書棚2】福嶋先生の集中ゼミ 科目B・アルゴリズム編 (2024年版)
B20: Ch 01 | C20: 擬似言語の基礎構文・変数のスコープ・配列仕様 | D20: 科目B - 言語仕様 | E20: 未スキャン | F20: 未着手 | I20: Quy tắc chỉ số mảng từ 1, mũi tên gán, cấu trúc rẽ nhánh/vòng lặp
B21: Ch 02 | C21: 配列の基本操作とトレース表の書き方 | D21: 科目B - トレース技法 | E21: 未スキャン | F21: 未着手 | I21: Cách lập bảng trace biến, kiểm tra giá trị qua từng bước
B22: Ch 03 | C22: 線形探索と2分探索アルゴリズムの徹底解剖 | D22: 科目B - 探索 | E22: 未スキャン | F22: 未着手 | I22: Kỹ thuật lính canh 番兵法, công thức tìm mid = (low+high)/2
B23: Ch 04 | C23: 整列アルゴリズム (バブル・選択・挿入ソート) | D23: 科目B - ソート基本 | E23: 未スキャン | F23: 未着手 | I23: Đếm số lần hoán đổi, số lần so sánh, điều kiện dừng
B24: Ch 05 | C24: 高度な整列 (クイックソート・マージソート) | D24: 科目B - ソート応用 | E24: 未スキャン | F24: 未着手 | I24: Kỹ thuật chia để trị, pivot, mảng phụ trợ
B25: Ch 06 | C25: スタックとキューの擬似言語実装と応用 | D25: 科目B - データ構造 | E25: 未スキャン | F25: 未着手 | I25: Push/Pop mảng, vòng lặp Queue tròn (Ring buffer)
B26: Ch 07 | C26: 2分木と木構造の巡回アルゴリズム (先行/中間/後続) | D26: 科目B - 木構造 | E26: 未スキャン | F26: 未着手 | I26: DFS/BFS trên cây nhị phân, thao tác chèn/xóa nút
B27: Ch 08 | C27: 再帰関数のトレースとコールスタックの理解 | D27: 科目B - 再帰 | E27: 未スキャン | F27: 未着手 | I27: Đệ quy Fibonacci, tính giai thừa, điều kiện dừng
B28: Ch 09 | C28: グラフの最短経路問題 (ダイクストラ法) | D28: 科目B - グラフ | E28: 未スキャン | F28: 未着手 | I28: Bảng trọng số ma trận kề, cập nhật khoảng cách ngắn nhất
B29: Ch 10 | C29: 科目B 実戦模擬問題演習 (総合問題) | D29: 科目B - 実戦演習 | E29: 未スキャン | F29: 未着手 | I29: Rèn luyện áp lực thời gian 6-8 phút/bài thuật toán lớn
B31: 【書棚3】令和08年 基本情報技術者 パーフェクトラーニング過去問題集 | E31: 未 | F31: =COUNTIF(F20:F29, "完了")
B32: Set 01 | C32: 令和05年 公開問題 (科目A 60問 + 科目B 20問) | D32: 過去問演習 | E32: 未スキャン | F32: 未着手 | I32: Bộ đề công bố chính thức năm R05 của IPA
B33: Set 02 | C33: 令和06年 公開問題 (科目A 60問 + 科目B 20問) | D33: 過去問演習 | E33: 未スキャン | F33: 未着手 | I33: Bộ đề công bố chính thức năm R06 của IPA
B34: Set 03 | C34: 令和07年 公開問題 (科目A 60問 + 科目B 20問) | D34: 過去問演習 | E34: 未スキャン | F34: 未着手 | I34: Bộ đề công bố chính thức năm R07 của IPA
B35: Set 04 | C35: 令和08年 予想模擬問題 (科目A 60問 + 科目B 20問) | D35: 予想模試 | E35: 未スキャン | F35: 未着手 | I35: Đề thi thử dự đoán xác thực theo Syllabus 9.1 mới nhất
E39: 未 | F39: =COUNTIF(F32:F35, "完了")

Sheet 📝 模擬試験・過去問スコア
B2: 模擬試験・過去問 得点記録 & IPA合否判定 (Mock Exam Score Analytics)
B3: Chuẩn đỗ IPA: Cả 2 môn đều phải >= 600/1000 điểm | Mức an toàn: >= 700 điểm
B5: 回数 / ID | C5: 実施日 (Ngày làm) | D5: 試験セット名 (Tên đề thi) | E5: 科目A正解数 (/60) | F5: 科目A正解率 (%) | G5: 科目Aスコア (/1000) | H5: 科目A判定 | I5: 科目Bアルゴリズム (/16) | J5: 科目Bセキュリティ (/4) | K5: 科目B合計 (/20) | L5: 科目B正解率 (%) | M5: 科目Bスコア (/1000) | N5: 科目B判定 | O5: 総合判定 (Pass/Fail) | P5: 所要時間 (Phút) | Q5: 分析 & 弱点メモ (Ghi chú điểm yếu)
B6: Mock 01 | D6: 令和05年 公開問題 (R05) | E6: 0 | F6: =E6/60 | G6: =F6*1000 | H6: =IF(G6>=700,"安全圏",IF(G6>=600,"合格","不合格")) | I6: 0 | J6: 0 | K6: =I6+J6 | L6: =K6/20 | M6: =L6*1000 | N6: =IF(M6>=700,"安全圏",IF(M6>=600,"合格","不合格")) | O6: =IF(AND(G6>=600,M6>=600),"★ 合格 (PASS)","✕ 不合格 (FAIL)")
B7: Mock 02 | D7: 令和06年 公開問題 (R06) | E7: 0 | F7: =E7/60 | G7: =F7*1000 | H7: =IF(G7>=700,"安全圏",IF(G7>=600,"合格","不合格")) | I7: 0 | J7: 0 | K7: =I7+J7 | L7: =K7/20 | M7: =L7*1000 | N7: =IF(M7>=700,"安全圏",IF(M7>=600,"合格","不合格")) | O7: =IF(AND(G7>=600,M7>=600),"★ 合格 (PASS)","✕ 不合格 (FAIL)")
B8: Mock 03 | D8: 令和07年 公開問題 (R07) | E8: 0 | F8: =E8/60 | G8: =F8*1000 | H8: =IF(G8>=700,"安全圏",IF(G8>=600,"合格","不合格")) | I8: 0 | J8: 0 | K8: =I8+J8 | L8: =K8/20 | M8: =L8*1000 | N8: =IF(M8>=700,"安全圏",IF(M8>=600,"合格","不合格")) | O8: =IF(AND(G8>=600,M8>=600),"★ 合格 (PASS)","✕ 不合格 (FAIL)")
B9: Mock 04 | D9: 令和08年 予想模試 (R08) | E9: 0 | F9: =E9/60 | G9: =F9*1000 | H9: =IF(G9>=700,"安全圏",IF(G9>=600,"合格","不合格")) | I9: 0 | J9: 0 | K9: =I9+J9 | L9: =K9/20 | M9: =L9*1000 | N9: =IF(M9>=700,"安全圏",IF(M9>=600,"合格","不合格")) | O9: =IF(AND(G9>=600,M9>=600),"★ 合格 (PASS)","✕ 不合格 (FAIL)")
B10: Mock 05 | D10: DEKIDAS-WEB 模擬演習 01 | E10: 0 | F10: =E10/60 | G10: =F10*1000 | H10: =IF(G10>=700,"安全圏",IF(G10>=600,"合格","不合格")) | I10: 0 | J10: 0 | K10: =I10+J10 | L10: =K10/20 | M10: =L10*1000 | N10: =IF(M10>=700,"安全圏",IF(M10>=600,"合格","不合格")) | O10: =IF(AND(G10>=600,M10>=600),"★ 合格 (PASS)","✕ 不合格 (FAIL)")

Sheet 🔁 復習・間違いノート
B2: 誤答・復習ノート (Error Notebook & 3-Cycle Spaced Repetition)
B3: Chu trình ôn lại ngắt quãng 3 lần: Lần 1 (Sau 1 ngày) -> Lần 2 (Sau 3 ngày) -> Lần 3 (Sau 7 ngày)
B5: ID | C5: 出題元 / 問題番号 (Nguồn & Câu số) | D5: 分野 / シラバス項目 (Chuyên đề) | E5: 問題の要約 (Tóm tắt câu hỏi) | F5: 正解 (Đáp án đúng) | G5: 自分の誤答 (Đáp án mình chọn) | H5: 間違いの原因 (Nguyên nhân sai) | I5: なぜ間違えたか / ポイント (Bản chất & Điểm cốt lõi) | J5: 復習1回目 (Lần 1) | K5: 復習2回目 (Lần 2) | L5: 復習3回目 (Lần 3) | M5: 習得状態 (Mastery)
B6: ERR-001 | C6: かやのき Ch04 問12 | D6: システム構成 | E6: MTBFとMTTRから稼働率を求める計算問題 | F6: ア (0.96) | G6: ウ (0.80) | H6: 計算・公式の混同 | I6: 公式: MTBF / (MTBF + MTTR). Đọc nhầm số liệu của 2 server dự phòng. | J6: 〇 (Đạt) | K6: 〇 (Đạt) | L6: 未 | M6: 復習中
B7: ERR-002 | C7: 福嶋 Ch03 例題2 | D7: 科目B・2分探索 | E7: 探索範囲の更新時 low = mid + 1 の +1 を忘れて無限ループになるバグ | F7: イ (low ← mid + 1) | G7: エ (low ← mid) | H7: アルゴリズム理解不足 | I7: Khi cập nhật khoảng tìm kiếm nửa sau, bắt buộc phải loại trừ vị trí mid hiện tại bằng +1. | J7: 〇 (Đạt) | K7: 未 | L7: 未 | M7: 復習中
B8: ERR-003 | C8: パーフェクト R05 問28 | D8: セキュリティ | E8: 公開鍵暗号方式における秘密鍵の役割 (暗号化 vs 署名) | F8: エ (送信者の秘密鍵で署名) | G8: ア (受信者の公開鍵で署名) | H8: 日本語の読解ミス | I8: Chữ ký số dùng khóa bí mật của người gửi để ký, khóa công khai của người gửi để xác thực! | J8: 未 | K8: 未 | L8: 未 | M8: 要復習

Sheet 📖 IT専門用語集
B2: IT専門用語集 - Mazii連携 (FE Core Japanese IT Glossary from Mazii)
B3: Trích xuất từ cơ sở dữ liệu từ điển Mazii SQLite (dict.sqlite) | Phân loại theo 3 nhóm kiến thức IPA
B5: ID | C5: 用語 (Thuật ngữ Kanji/Kana) | D5: 読み方 (Phiên âm Hiragana/Kana) | E5: 英語表記 (Thuật ngữ tiếng Anh) | F5: ベトナム語の意味 (Giải nghĩa tiếng Việt Mazii) | G5: シラバス分野 (Phân loại) | H5: 重要度 (Độ quan trọng) | I5: 習得 (Mastered) | J5: 暗記メモ (Ghi chú cá nhân)
B6: FE-001 | C6: アルゴリズム | D6: アルゴリズム | E6: Algorithm | F6: Thuật toán (Trình tự hữu hạn các bước tính toán để giải quyết bài toán) | G6: テクノロジ系 - 基礎理論 | H6: ⭐⭐⭐ | I6: 未
B7: FE-002 | C7: 擬似言語 | D7: 擬似言語 | E7: Pseudo-language / Pseudo-code | F7: Ngôn ngữ giả (Mã giả chuẩn của IPA dùng trong bài thi môn B) | G7: テクノロジ系 - 基礎理論 | H7: ⭐⭐⭐ | I7: 未
B8: FE-003 | C8: 配列 | D8: はいれつ | E8: Array | F8: Mảng dữ liệu (Cấu trúc lưu trữ tuần tự các phần tử cùng kiểu) | G8: テクノロジ系 - 基礎理論 | H8: ⭐⭐⭐ | I8: 未
B9: FE-004 | C9: スタック | D9: スタック | E9: Stack (LIFO) | F9: Ngăn xếp Stack (Cơ chế vào sau ra trước LIFO - Push / Pop) | G9: テクノロジ系 - 基礎理論 | H9: ⭐⭐⭐ | I9: 未
B10: FE-005 | C10: キュー | D10: キュー | E10: Queue (FIFO) | F10: Hàng đợi Queue (Cơ chế vào trước ra trước FIFO - Enqueue / Dequeue) | G10: テクノロジ系 - 基礎理論 | H10: ⭐⭐⭐ | I10: 未
B11: FE-006 | C11: 木構造 | D11: きこうぞう | E11: Tree Structure | F11: Cấu trúc cây Tree (Gốc Root, Nút Node, Lá Leaf, Cây con Subtree) | G11: テクノロジ系 - 基礎理論 | H11: ⭐⭐⭐ | I11: 未
B12: FE-007 | C12: 2分探索木 | D12: 2分探索木 | E12: Binary Search Tree | F12: Cây nhị phân tìm kiếm BST (Nút con trái < Nút cha <= Nút con phải) | G12: テクノロジ系 - 基礎理論 | H12: ⭐⭐⭐ | I12: 未
B13: FE-008 | C13: 線形探索 | D13: せんけいたんさく | E13: Linear Search | F13: Tìm kiếm tuyến tính (Quét tuần tự từ đầu đến cuối O(n), kèm kỹ thuật lính canh 番兵法) | G13: テクノロジ系 - 基礎理論 | H13: ⭐⭐ | I13: 未
B14: FE-009 | C14: 二分探索 | D14: 二分探索 | E14: Binary Search | F14: Tìm kiếm nhị phân (Chia đôi khoảng tìm kiếm O(log n), yêu cầu mảng đã sắp xếp) | G14: テクノロジ系 - 基礎理論 | H14: ⭐⭐⭐ | I14: 未
B15: FE-010 | C15: ハッシュ法 | D15: ハッシュほう | E15: Hashing | F15: Bảng băm Hashing (Ánh xạ khóa qua hàm băm O(1), xử lý va chạm collision) | G15: テクノロジ系 - 基礎理論 | H15: ⭐⭐⭐ | I15: 未
B16: FE-011 | C16: 再帰 | D16: さいき | E16: Recursion | F16: Đệ quy Recursion (Hàm tự gọi lại chính nó với điều kiện dừng cơ sở) | G16: テクノロジ系 - 基礎理論 | H16: ⭐⭐⭐ | I16: 未
B17: FE-012 | C17: 整列 | D17: せいれつ | E17: Sorting | F17: Thuật toán sắp xếp Sort (Chuyển đổi thứ tự phần tử tăng dần hoặc giảm dần) | G17: テクノロジ系 - 基礎理論 | H17: ⭐⭐⭐ | I17: 未
... B118: FE-113 | C118: 準委任契約 | D118: 準委任契約 | E118: Quasi-Mandate Contract (Jun-inin) | F118: Quasi-Mandate Contract (Jun-inin) | G118: ストラテジ系 - 法務 | H118: ⭐⭐⭐ | I118: 未

Sheet ⚙️ 設定・祝日一覧
B2: システム設定 & 日本祝日一覧 (Master Parameters & Holidays)
B3: Bảng tham số chuẩn kỳ thi FE và lịch đỏ Nhật Bản năm 2026 - 2027
B5: システム設定パラメータ (Tham số hệ thống)
B6: 目標総学習時間 (Tổng giờ học mục tiêu) | C6: 135 | D6: 時間 (h) - Đủ để cày nát 3 cuốn sách và giải đề
B7: 合格基準スコア (Điểm đỗ tối thiểu IPA) | C7: 600 | D7: 点 / 1000点 (Áp dụng cho CẢ HAI môn A và B)
B8: 安全圏目標スコア (Ngưỡng điểm an toàn) | C8: 700 | D8: 点 / 1000点 (Đảm bảo đỗ chắc chắn không sợ sai số IRT)
B9: 平日1日目標 (Mục tiêu ngày thường) | C9: 1 | D9: 時間/日 (Sau giờ làm việc tại nhà)
B10: 週末1日目標 (Mục tiêu cuối tuần) | C10: 2.5 | D10: 時間/日 (Thứ 7 & Chủ Nhật)
B11: 祝日1日目標 (Mục tiêu ngày nghỉ lễ đơn) | C11: 2.5 | D11: 時間/日 (Các ngày lịch đỏ trong tuần)
B12: キックスタート全休目標 (Tuần nghỉ 21-27/09) | C12: 2.5 | D12: 時間/日 (7 ngày liên tục = ~18-21 giờ)
B13: 年末年始目標 (Tết 28/12 - 03/01) | C13: 3.5 | D13: 時間/日 (7 ngày bứt tốc giải đề quá khứ)
B14: 受験料 (Lệ phí thi FE chính thức) | C14: 7500 | D14: 円 (Đã bao gồm thuế)
